Name; A0; P0; k; dH; C0
Ampoule (3-31-16) NO2-Ph-N2-OTs V1; 3.1123; 27.783; 0.08245; 235.1; 4.605e-5
Ampoule (4-4-16) NO2-Ph-N2-OTs V1; 3.1123; 34.219; 0.08815; 232.8; 5.36e-5
Ampoule (4-7-16) NO2-Ph-N2-OTs V1; 3.1123; 31.682; 0.09176; 234.6; 4.73e-5
