Name; A0; P0; k; dH; C0
Ampoule (4-29-16) NO2-Ph-N2-OTs V3 PK2; 3.1123; 12.53; 0.08751; 242.0; 1.90e-5
Ampoule (5-19-16) NO2-Ph-N2-OTs V3 PK2; 3.1123; 7.8193; 0.08139; 225.5; 1.37e-5
Ampoule (3-14-16) NO2-Ph-N2-OTs V; 3.1123; 5.8523; 0.08967; 219.5; 9.55e-6
