Name; A0; P0; k; dH; C0
4-NO2C6H4N2+ TsO- 85 Sample3 R2 Air 4-29-16 ; 3.1123 ; 12.53 ; 0.08751 ; 242.0 ; 1.90e-5 
4-NO2C6H4N2+ TsO- 85 Sample3 R2 Air 5-19-16 ; 3.1123 ; 7.8193 ; 0.08139 ; 225.5 ; 1.37e-5 
4-NO2C6H4N2+ TsO- 85 Sample3 R2 Air 3-14-16 ; 3.1123 ; 5.8523 ; 0.08967 ; 219.5 ; 9.55e-6 
