Name; A0; P0; k; dH; C0
4-NO2C6H4N2+ TsO- 85 Sample2 R1 Nitrogen 3-24-16 ; 3.1123 ; 17.554 ; 0.06765 ; 260.8 ; 3.20e-5 
4-NO2C6H4N2+ TsO- 85 Sample2 R0 Nitrogen 4-12-16 ; 3.1123 ; 12.822 ; 0.08781 ; 261.4 ; 1.79e-5 
4-NO2C6H4N2+ TsO- 85 Sample2 R1 Nitrogen 4-14-16 ; 3.1123 ; 11.071 ; 0.08269 ; 226.8 ; 1.90e-5 
4-NO2C6H4N2+ TsO- 85 Sample2 R0 Nitrogen 4-18-16 ; 3.1123 ; 10.624 ; 0.09325 ; 239.7 ; 1.53e-5 
4-NO2C6H4N2+ TsO- 85 Sample2 R1 Nitrogen 4-9-16 ; 3.1123 ; 11.299 ; 0.08107 ; 229.3 ; 1.95e-5 
