Name; A0; P0; k; dH; C0
Ampoule (7-21-16) m-NO2-Ph-N2-OTf-85; 3.3424; 3.1162; 0.04272; 219.5; 1.06e-5
Ampoule (7-25-16) m-NO2-Ph-N2-OTf-85; 3.3424; 2.801; 0.04141; 232.8; 8.69e-6
Ampoule (7-29-16) m-NO2-Ph-N2-OTf-85; 3.3424; 4.1968; 0.04336; 221.0; 1.31e-5
Ampoule (8-1-16) m-NO2-Ph-N2-OTf-85; 3.3424; 10.813; 0.04872; 231.4; 2.87e-5
Ampoule (8-4-16) m-NO2-Ph-N2-OTf-85; 3.3424; 2.9152; 0.03994; 225.9; 9.67e-6
Ampoule (8-8-16) m-NO2-Ph-N2-OTf-85; 3.3424; 2.6876; 0.04098; 221.8; 8.84e-6
