Name; A0; P0; k; dH; C0
Ampoule (4-29-16) NO2-Ph-N2-OTs V3 PK2; 3.1123; 12.53; 0.08751; 242.0; 1.90e-5
Ampoule (5-13-16) NO2-Ph-N2-OTs V3 PK2; 3.1123; 14.375; 0.08601; 244.1; 2.20e-5
Ampoule (5-17-16) NO2-Ph-N2-OTs V3 PK2; 3.1123; 8.2483; 0.08475; 238.3; 1.31e-5
Ampoule (5-19-16) NO2-Ph-N2-OTs V3 PK2; 3.1123; 7.8193; 0.08139; 225.5; 1.37e-5
