Name; A0; P0; k; dH; C0
Ampoule (4-12-16) NO2-Ph-N2-OTs V2 PK1; 3.1123; 12.822; 0.08781; 261.4; 1.79e-5
Ampoule (4-14-16) NO2-Ph-N2-OTs V2 PK1; 3.1123; 11.071; 0.08269; 226.8; 1.90e-5
Ampoule (4-18-16) NO2-Ph-N2-OTs V2 PK1; 3.1123; 10.624; 0.09325; 239.7; 1.53e-5
Ampoule (4-9-16) NO2-Ph-N2-OTs V2 PK1; 3.1123; 11.299; 0.08107; 229.3; 1.95e-5
