Name; A0; P0; k; dH; C0
Ampoule (3-11-16) NO2-Ph-N2-OTs V; 3.1123; 10.619; 0.08650; 236.8; 1.67e-5
Ampoule (3-14-16) NO2-Ph-N2-OTs V; 3.1123; 5.8523; 0.08967; 219.5; 9.55e-6
Ampoule (3-16-16) NO2-Ph-N2-OTs V; 3.1123; 7.0954; 0.08410; 228.0; 1.19e-5
Ampoule (3-18-16) NO2-Ph-N2-OTs V; 3.1123; 14.435; 0.07164; 245.0; 2.64e-5
Ampoule (3-22-16) NO2-Ph-N2-OTs V; 3.1123; 11.673; 0.07698; 225.75; 2.1582e-5
