Name; A0; P0; k; dH; C0
4-NO2C6H4N2+ TsO- 85 Sample1 R1 Nitrogen 3-31-16 ; 3.1123 ; 27.783 ; 0.08245 ; 235.1 ; 4.605e-5 
4-NO2C6H4N2+ TsO- 85 Sample1 R1 Nitrogen 4-4-16 ; 3.1123 ; 34.219 ; 0.08815 ; 232.8 ; 5.36e-5 
4-NO2C6H4N2+ TsO- 85 Sample1 R1 Nitrogen 4-7-16 ; 3.1123 ; 31.682 ; 0.09176 ; 234.6 ; 4.73e-5 
