Name; A0; P0; k; dH; C0
4-NO2C6H4N2+ TsO- 85 Sample2 R1 Nitrogen 3-24-16 ; 3.1123 ; 17.554 ; 0.06765 ; 260.8 ; 3.20e-5 
4-NO2C6H4N2+ TsO- 85 Sample2 R1 Nitrogen 4-14-16 ; 3.1123 ; 11.071 ; 0.08269 ; 226.8 ; 1.90e-5 
4-NO2C6H4N2+ TsO- 85 Sample2 R1 Nitrogen 4-9-16 ; 3.1123 ; 11.299 ; 0.08107 ; 229.3 ; 1.95e-5 
4-NO2C6H4N2+ TsO- 85 Sample3 R1 Nitrogen 2-1-16 ; 3.1123 ; 4.1518 ; 0.1033 ; 230.7 ; 5.60e-6 
4-NO2C6H4N2+ TsO- 85 Sample3 R1 Nitrogen 3-16-16 ; 3.1123 ; 7.0954 ; 0.08410 ; 228.0 ; 1.19e-5 
