Name; A0; P0; k; dH; C0
4-NO2C6H4N2+ TsO- 85 Sample2 R0 Nitrogen 4-12-16 ; 3.1123 ; 12.822 ; 0.08781 ; 261.4 ; 1.79e-5 
4-NO2C6H4N2+ TsO- 85 Sample2 R0 Nitrogen 4-18-16 ; 3.1123 ; 10.624 ; 0.09325 ; 239.7 ; 1.53e-5 
4-NO2C6H4N2+ TsO- 85 Sample3 R0 Nitrogen 3-18-16 ; 3.1123 ; 14.435 ; 0.07164 ; 245.0 ; 2.64e-5 
4-NO2C6H4N2+ TsO- 85 Sample3 R0 Nitrogen 3-22-16 ; 3.1123 ; 11.673 ; 0.07698 ; 225.75 ; 2.1582e-5 
4-NO2C6H4N2+ TsO- 85 Sample3 R0 Nitrogen 3-11-16 ; 3.1123 ; 10.619 ; 0.08650 ; 236.8 ; 1.67e-5 
